"participantID","vignette_id","condition","topic","PartnerTrust","PartnerReal","ConversationMyself","ConversationSharing","AttentionCheck","Belief_AI_Human"
"S065","mental1","Human","Mental",6,7,3,7,NA,77
"S065","mental2","AI","Mental",2,3,1,1,"Romantic",-65
"S065","romantic1","Human","Romantic",4,4,3,2,NA,64
"S065","romantic2","AI","Romantic",1,4,1,1,NA,-60
"S065","trivial1","AI","Trivial",2,2,1,2,NA,-67
"S065","trivial2","Human","Trivial",4,2,1,2,"Everyday / Trivial",63
"S115","mental1","Human","Mental",5,1,5,1,NA,-93
"S115","mental2","AI","Mental",6,4,6,4,NA,-100
"S115","romantic1","Human","Romantic",1,1,3,1,NA,75
"S115","romantic2","AI","Romantic",6,7,5,6,NA,-100
"S115","trivial1","AI","Trivial",7,7,3,4,"Mental Health",-100
"S115","trivial2","Human","Trivial",6,5,4,5,"Romantic",-100
"S030","mental1","Human","Mental",3,6,3,6,NA,54
"S030","mental2","AI","Mental",5,6,3,6,NA,36
"S030","romantic1","Human","Romantic",3,6,2,2,NA,55
"S030","romantic2","AI","Romantic",4,3,3,6,"Romantic",-69
"S030","trivial1","AI","Trivial",5,3,6,6,"Everyday / Trivial",54
"S030","trivial2","Human","Trivial",5,6,4,5,NA,39
"S107","mental1","Human","Mental",3,3,1,1,NA,100
"S107","mental2","AI","Mental",4,4,4,4,NA,-100
"S107","romantic1","AI","Romantic",3,3,3,3,"Mental Health",-100
"S107","romantic2","Human","Romantic",6,5,1,1,NA,-20
"S107","trivial1","Human","Trivial",4,4,4,4,NA,100
"S107","trivial2","AI","Trivial",4,4,3,4,"Everyday / Trivial",-47
"S013","mental1","Human","Mental",2,1,4,3,NA,-100
"S013","mental2","AI","Mental",3,1,1,1,NA,-100
"S013","romantic1","Human","Romantic",1,1,1,1,NA,-37
"S013","romantic2","AI","Romantic",3,1,2,1,NA,63
"S013","trivial1","Human","Trivial",1,2,1,1,"I don't remember",-100
"S013","trivial2","AI","Trivial",3,1,4,6,"Romantic",-100
"S068","mental1","Human","Mental",5,5,6,5,NA,-90
"S068","mental2","AI","Mental",5,2,4,5,NA,-50
"S068","romantic1","Human","Romantic",3,1,3,5,"Mental Health",-60
"S068","romantic2","AI","Romantic",3,4,4,6,NA,-100
"S068","trivial1","Human","Trivial",4,2,2,4,NA,50
"S068","trivial2","AI","Trivial",6,6,4,3,"Everyday / Trivial",-100
"S084","mental1","Human","Mental",5,5,6,5,NA,36
"S084","mental2","AI","Mental",6,5,5,5,NA,-38
"S084","romantic1","AI","Romantic",6,6,6,5,"Everyday / Trivial",-44
"S084","romantic2","Human","Romantic",5,5,4,3,"Romantic",-32
"S084","trivial1","Human","Trivial",5,5,4,4,NA,-46
"S084","trivial2","AI","Trivial",6,5,6,5,NA,-83
"S091","mental1","AI","Mental",5,6,6,6,NA,29
"S091","mental2","Human","Mental",6,5,5,6,NA,-100
"S091","romantic1","AI","Romantic",5,6,6,6,"Romantic",-100
"S091","romantic2","Human","Romantic",5,5,5,5,NA,-100
"S091","trivial1","Human","Trivial",6,5,5,6,"Everyday / Trivial",-100
"S091","trivial2","AI","Trivial",5,5,6,6,NA,-100
"S094","mental1","Human","Mental",7,7,7,7,NA,64
"S094","mental2","AI","Mental",6,6,5,5,NA,100
"S094","romantic1","Human","Romantic",7,7,1,6,"Mental Health",-26
"S094","romantic2","AI","Romantic",2,2,1,1,NA,100
"S094","trivial1","Human","Trivial",7,7,7,7,NA,100
"S094","trivial2","AI","Trivial",5,5,6,6,"Mental Health",100
"S009","mental1","Human","Mental",3,1,6,1,NA,-100
"S009","mental2","AI","Mental",6,7,7,6,NA,-100
"S009","romantic1","AI","Romantic",1,1,1,1,"I don't remember",-100
"S009","romantic2","Human","Romantic",1,1,1,1,"Mental Health",-100
"S009","trivial1","AI","Trivial",3,1,1,1,NA,-100
"S009","trivial2","Human","Trivial",2,1,1,1,NA,100
"S093","mental1","Human","Mental",6,6,6,6,NA,42
"S093","mental2","AI","Mental",4,2,4,2,NA,41
"S093","romantic1","AI","Romantic",5,6,5,5,"Everyday / Trivial",-33
"S093","romantic2","Human","Romantic",5,5,6,5,"Mental Health",-57
"S093","trivial1","Human","Trivial",3,3,4,2,NA,57
"S093","trivial2","AI","Trivial",4,4,5,4,NA,-63
"S032","mental1","AI","Mental",6,6,6,5,"Romantic",-100
"S032","mental2","Human","Mental",7,7,1,6,NA,-74
"S032","romantic1","Human","Romantic",5,5,1,1,NA,66
"S032","romantic2","AI","Romantic",7,5,6,6,"Everyday / Trivial",-82
"S032","trivial1","Human","Trivial",6,6,7,6,NA,68
"S032","trivial2","AI","Trivial",2,1,1,1,NA,-100
"S053","mental1","AI","Mental",3,2,2,4,"Mental Health",26
"S053","mental2","Human","Mental",5,5,3,5,NA,-99
"S053","romantic1","Human","Romantic",3,1,1,1,"Everyday / Trivial",71
"S053","romantic2","AI","Romantic",4,6,5,2,NA,75
"S053","trivial1","Human","Trivial",4,2,1,1,NA,-83
"S053","trivial2","AI","Trivial",4,2,3,5,NA,-100
"S051","mental1","Human","Mental",4,2,7,4,"Mental Health",29
"S051","mental2","AI","Mental",4,3,6,3,NA,57
"S051","romantic1","AI","Romantic",5,4,4,3,NA,50
"S051","romantic2","Human","Romantic",4,4,7,4,NA,-97
"S051","trivial1","AI","Trivial",3,1,3,3,"Romantic",-50
"S051","trivial2","Human","Trivial",5,4,5,4,NA,-100
"S072","mental1","Human","Mental",6,1,7,2,NA,50
"S072","mental2","AI","Mental",2,1,5,2,"Romantic",-100
"S072","romantic1","AI","Romantic",2,2,6,2,NA,-52
"S072","romantic2","Human","Romantic",2,1,4,1,NA,-53
"S072","trivial1","AI","Trivial",4,2,6,3,"Mental Health",-100
"S072","trivial2","Human","Trivial",6,1,7,1,NA,-78
"S080","mental1","AI","Mental",4,3,2,2,NA,100
"S080","mental2","Human","Mental",4,4,2,2,NA,100
"S080","romantic1","AI","Romantic",4,3,5,3,NA,-100
"S080","romantic2","Human","Romantic",4,3,5,3,"Mental Health",-100
"S080","trivial1","AI","Trivial",4,3,4,2,"Romantic",-100
"S080","trivial2","Human","Trivial",7,5,7,6,NA,100
"S041","mental1","Human","Mental",5,4,6,5,"Romantic",-39
"S041","mental2","AI","Mental",4,2,4,2,NA,-21
"S041","romantic1","Human","Romantic",4,2,4,3,"Mental Health",47
"S041","romantic2","AI","Romantic",5,4,5,5,NA,-27
"S041","trivial1","Human","Trivial",4,3,5,3,NA,-96
"S041","trivial2","AI","Trivial",5,4,5,4,NA,-97
"S055","mental1","Human","Mental",5,2,5,4,"Everyday / Trivial",-100
"S055","mental2","AI","Mental",5,2,5,4,NA,-100
"S055","romantic1","AI","Romantic",5,3,5,4,NA,-100
"S055","romantic2","Human","Romantic",5,3,5,4,NA,-100
"S055","trivial1","Human","Trivial",5,1,6,4,"Mental Health",-60
"S055","trivial2","AI","Trivial",6,5,5,4,NA,-70
"S008","mental1","AI","Mental",1,2,3,3,"Romantic",-100
"S008","mental2","Human","Mental",3,2,1,1,NA,-100
"S008","romantic1","AI","Romantic",6,3,4,5,"Mental Health",47
"S008","romantic2","Human","Romantic",2,2,1,1,NA,-100
"S008","trivial1","Human","Trivial",4,6,4,4,NA,-100
"S008","trivial2","AI","Trivial",1,1,1,1,NA,64
"S044","mental1","AI","Mental",5,6,5,6,NA,-50
"S044","mental2","Human","Mental",2,2,2,2,NA,-16
"S044","romantic1","Human","Romantic",4,3,4,3,NA,82
"S044","romantic2","AI","Romantic",3,4,4,3,"Romantic",-70
"S044","trivial1","Human","Trivial",2,4,2,2,"Romantic",-53
"S044","trivial2","AI","Trivial",4,4,5,4,NA,-40
"S066","mental1","Human","Mental",6,6,6,6,NA,-100
"S066","mental2","AI","Mental",2,2,2,1,"Mental Health",-75
"S066","romantic1","AI","Romantic",3,3,2,2,NA,-100
"S066","romantic2","Human","Romantic",1,1,1,1,NA,45
"S066","trivial1","Human","Trivial",3,3,3,3,"Romantic",45
"S066","trivial2","AI","Trivial",5,5,6,5,NA,50
"S042","mental1","AI","Mental",2,4,1,2,NA,-37
"S042","mental2","Human","Mental",3,3,2,2,"Mental Health",14
"S042","romantic1","AI","Romantic",5,4,6,2,NA,-78
"S042","romantic2","Human","Romantic",3,2,3,4,NA,-17
"S042","trivial1","AI","Trivial",4,4,4,2,NA,-61
"S042","trivial2","Human","Trivial",4,2,4,2,"Mental Health",31
"S025","mental1","Human","Mental",6,3,1,5,NA,-50
"S025","mental2","AI","Mental",5,5,5,5,NA,50
"S025","romantic1","AI","Romantic",3,3,3,2,"Romantic",-50
"S025","romantic2","Human","Romantic",6,6,6,6,"Everyday / Trivial",50
"S025","trivial1","Human","Trivial",5,6,1,5,NA,50
"S025","trivial2","AI","Trivial",6,6,6,6,NA,80
"S090","mental1","Human","Mental",1,1,3,1,NA,-72
"S090","mental2","AI","Mental",1,1,4,1,NA,-90
"S090","romantic1","Human","Romantic",1,1,4,1,NA,-59
"S090","romantic2","AI","Romantic",1,1,4,1,NA,-61
"S090","trivial1","AI","Trivial",1,1,4,1,"Romantic",-76
"S090","trivial2","Human","Trivial",1,1,1,1,"Mental Health",-100
"S111","mental1","Human","Mental",7,7,7,7,NA,70
"S111","mental2","AI","Mental",7,7,7,7,NA,-70
"S111","romantic1","AI","Romantic",6,6,6,6,NA,-70
"S111","romantic2","Human","Romantic",7,7,7,7,NA,-60
"S111","trivial1","Human","Trivial",6,6,6,6,"Mental Health",-75
"S111","trivial2","AI","Trivial",6,6,6,6,"Romantic",70
"S109","mental1","AI","Mental",2,2,2,2,NA,-100
"S109","mental2","Human","Mental",2,2,2,2,"Everyday / Trivial",-100
"S109","romantic1","Human","Romantic",2,2,2,2,NA,-100
"S109","romantic2","AI","Romantic",2,2,2,2,NA,-100
"S109","trivial1","AI","Trivial",2,2,2,2,"Romantic",-100
"S109","trivial2","Human","Trivial",3,3,2,2,NA,-100
"S073","mental1","Human","Mental",5,5,6,5,NA,-100
"S073","mental2","AI","Mental",6,6,6,6,NA,100
"S073","romantic1","AI","Romantic",6,7,6,7,NA,100
"S073","romantic2","Human","Romantic",6,5,5,4,"Everyday / Trivial",-100
"S073","trivial1","AI","Trivial",5,4,5,4,"Mental Health",-100
"S073","trivial2","Human","Trivial",3,3,3,2,NA,-100
"S076","mental1","Human","Mental",4,2,2,2,NA,-87
"S076","mental2","AI","Mental",1,1,1,1,"Romantic",-38
"S076","romantic1","AI","Romantic",1,3,1,1,NA,-100
"S076","romantic2","Human","Romantic",4,1,2,1,NA,-100
"S076","trivial1","Human","Trivial",2,1,1,4,NA,-100
"S076","trivial2","AI","Trivial",1,1,1,1,"Mental Health",100
"S113","mental1","AI","Mental",3,3,3,3,"Romantic",-61
"S113","mental2","Human","Mental",4,3,3,3,NA,-23
"S113","romantic1","AI","Romantic",3,3,2,2,NA,-20
"S113","romantic2","Human","Romantic",5,5,4,4,"Mental Health",-23
"S113","trivial1","Human","Trivial",5,4,3,3,NA,-48
"S113","trivial2","AI","Trivial",5,5,5,5,NA,15
"S054","mental1","AI","Mental",4,2,5,3,"Everyday / Trivial",-22
"S054","mental2","Human","Mental",4,4,5,4,"Mental Health",30
"S054","romantic1","Human","Romantic",4,3,4,3,NA,-66
"S054","romantic2","AI","Romantic",3,2,5,5,NA,-81
"S054","trivial1","Human","Trivial",4,3,6,5,NA,-46
"S054","trivial2","AI","Trivial",3,2,3,2,NA,-88
"S108","mental1","Human","Mental",1,1,1,1,NA,-66
"S108","mental2","AI","Mental",3,2,2,2,"Mental Health",-83
"S108","romantic1","AI","Romantic",3,1,4,4,NA,-20
"S108","romantic2","Human","Romantic",3,2,2,3,NA,-44
"S108","trivial1","Human","Trivial",3,2,2,2,"Mental Health",-100
"S108","trivial2","AI","Trivial",4,1,4,3,NA,-79
"S039","mental1","Human","Mental",2,1,3,1,NA,-49
"S039","mental2","AI","Mental",3,2,4,1,NA,-48
"S039","romantic1","Human","Romantic",3,3,2,3,"Romantic",-61
"S039","romantic2","AI","Romantic",3,1,2,1,NA,28
"S039","trivial1","Human","Trivial",3,2,3,2,NA,32
"S039","trivial2","AI","Trivial",4,2,2,1,"Romantic",34
"S056","mental1","Human","Mental",4,5,2,2,NA,-39
"S056","mental2","AI","Mental",3,2,4,4,"Mental Health",-73
"S056","romantic1","Human","Romantic",1,1,2,2,NA,31
"S056","romantic2","AI","Romantic",1,1,2,2,"Mental Health",-61
"S056","trivial1","AI","Trivial",2,2,2,2,NA,-100
"S056","trivial2","Human","Trivial",1,1,1,1,NA,-100
"S085","mental1","Human","Mental",1,1,1,1,NA,9
"S085","mental2","AI","Mental",2,1,3,1,NA,-100
"S085","romantic1","AI","Romantic",1,1,1,1,"Romantic",-100
"S085","romantic2","Human","Romantic",1,1,5,1,"Mental Health",-58
"S085","trivial1","Human","Trivial",1,1,1,1,NA,-100
"S085","trivial2","AI","Trivial",1,1,1,1,NA,-100
"S040","mental1","Human","Mental",7,7,7,7,NA,77
"S040","mental2","AI","Mental",5,5,1,4,NA,60
"S040","romantic1","Human","Romantic",3,3,3,3,NA,100
"S040","romantic2","AI","Romantic",7,7,7,7,NA,-95
"S040","trivial1","AI","Trivial",1,1,1,1,"Mental Health",62
"S040","trivial2","Human","Trivial",3,5,2,2,"Romantic",-79
"S067","mental1","Human","Mental",1,3,3,1,"Everyday / Trivial",-100
"S067","mental2","AI","Mental",1,5,2,1,NA,-100
"S067","romantic1","AI","Romantic",1,2,2,1,NA,100
"S067","romantic2","Human","Romantic",6,6,5,1,"Mental Health",-100
"S067","trivial1","Human","Trivial",1,1,2,1,NA,-93
"S067","trivial2","AI","Trivial",1,2,3,2,NA,100
"S019","mental1","AI","Mental",1,1,1,1,"Everyday / Trivial",100
"S019","mental2","Human","Mental",4,1,1,1,NA,100
"S019","romantic1","Human","Romantic",7,7,7,7,NA,-100
"S019","romantic2","AI","Romantic",7,7,7,6,"Everyday / Trivial",-100
"S019","trivial1","Human","Trivial",6,7,1,5,NA,-100
"S019","trivial2","AI","Trivial",7,7,1,6,NA,-100
"S003","mental1","AI","Mental",6,3,2,4,"Mental Health",42
"S003","mental2","Human","Mental",1,7,7,1,NA,-60
"S003","romantic1","AI","Romantic",5,1,7,7,NA,-57
"S003","romantic2","Human","Romantic",1,6,7,1,NA,-89
"S003","trivial1","Human","Trivial",1,5,6,2,"Romantic",57
"S003","trivial2","AI","Trivial",2,6,2,6,NA,53
"S096","mental1","Human","Mental",1,1,2,1,"Romantic",23
"S096","mental2","AI","Mental",5,2,6,5,NA,-21
"S096","romantic1","AI","Romantic",5,2,5,4,NA,-89
"S096","romantic2","Human","Romantic",3,3,5,1,NA,41
"S096","trivial1","AI","Trivial",2,3,5,1,NA,-94
"S096","trivial2","Human","Trivial",1,2,1,1,"Mental Health",12
"S052","mental1","AI","Mental",4,5,2,4,NA,-95
"S052","mental2","Human","Mental",2,1,3,1,NA,56
"S052","romantic1","Human","Romantic",1,1,1,1,"Romantic",41
"S052","romantic2","AI","Romantic",2,2,4,1,"Everyday / Trivial",-100
"S052","trivial1","AI","Trivial",3,2,4,1,NA,-100
"S052","trivial2","Human","Trivial",4,3,4,4,NA,-23
"S104","mental1","Human","Mental",1,2,1,1,NA,25
"S104","mental2","AI","Mental",3,1,4,4,NA,-100
"S104","romantic1","Human","Romantic",4,4,7,4,NA,-10
"S104","romantic2","AI","Romantic",3,4,6,3,"Romantic",-100
"S104","trivial1","Human","Trivial",1,3,1,1,NA,-100
"S104","trivial2","AI","Trivial",1,2,1,1,"I don't remember",-95
"S098","mental1","Human","Mental",5,5,7,2,NA,36
"S098","mental2","AI","Mental",4,2,7,3,NA,-41
"S098","romantic1","Human","Romantic",2,2,7,2,NA,-50
"S098","romantic2","AI","Romantic",5,6,6,4,"Mental Health",37
"S098","trivial1","AI","Trivial",6,6,7,6,NA,66
"S098","trivial2","Human","Trivial",4,2,3,2,"Romantic",40
"S004","mental1","Human","Mental",5,6,4,6,"Mental Health",-100
"S004","mental2","AI","Mental",4,4,4,3,NA,-38
"S004","romantic1","AI","Romantic",6,4,5,6,NA,-68
"S004","romantic2","Human","Romantic",4,5,5,5,NA,88
"S004","trivial1","Human","Trivial",3,3,4,2,NA,64
"S004","trivial2","AI","Trivial",4,5,6,5,"Romantic",14
"S015","mental1","Human","Mental",2,1,1,1,NA,-100
"S015","mental2","AI","Mental",1,1,1,1,NA,37
"S015","romantic1","Human","Romantic",1,1,1,1,"Mental Health",-17
"S015","romantic2","AI","Romantic",1,1,1,1,NA,-21
"S015","trivial1","AI","Trivial",3,4,3,2,"Romantic",-100
"S015","trivial2","Human","Trivial",5,4,1,5,NA,-100
"S024","mental1","Human","Mental",5,5,5,5,NA,-98
"S024","mental2","AI","Mental",4,5,5,5,NA,-100
"S024","romantic1","AI","Romantic",4,4,4,4,"Mental Health",100
"S024","romantic2","Human","Romantic",5,5,4,4,NA,100
"S024","trivial1","Human","Trivial",4,4,4,4,NA,-92
"S024","trivial2","AI","Trivial",4,4,4,3,"Mental Health",-94
"S058","mental1","AI","Mental",1,1,7,1,"Romantic",-100
"S058","mental2","Human","Mental",4,7,7,6,NA,100
"S058","romantic1","AI","Romantic",6,6,7,7,"Romantic",-78
"S058","romantic2","Human","Romantic",6,2,6,3,NA,76
"S058","trivial1","AI","Trivial",3,1,7,2,NA,-100
"S058","trivial2","Human","Trivial",5,1,7,1,NA,-100
"S037","mental1","AI","Mental",4,4,5,5,"Mental Health",-10
"S037","mental2","Human","Mental",5,3,5,5,NA,-59
"S037","romantic1","AI","Romantic",3,2,2,2,NA,-83
"S037","romantic2","Human","Romantic",3,4,4,4,NA,-70
"S037","trivial1","Human","Trivial",4,4,5,4,"Everyday / Trivial",-36
"S037","trivial2","AI","Trivial",5,6,6,6,NA,-86
"S081","mental1","AI","Mental",3,3,4,2,NA,-75
"S081","mental2","Human","Mental",1,1,1,1,NA,-55
"S081","romantic1","Human","Romantic",1,1,3,1,NA,60
"S081","romantic2","AI","Romantic",4,5,5,3,"Romantic",-100
"S081","trivial1","AI","Trivial",2,1,2,2,"Mental Health",-100
"S081","trivial2","Human","Trivial",4,1,3,2,NA,-80
"S100","mental1","Human","Mental",2,2,1,1,NA,-27
"S100","mental2","AI","Mental",6,6,5,3,"Everyday / Trivial",-82
"S100","romantic1","Human","Romantic",3,1,1,1,NA,-21
"S100","romantic2","AI","Romantic",2,2,1,1,NA,-9
"S100","trivial1","AI","Trivial",1,1,1,1,"Mental Health",-100
"S100","trivial2","Human","Trivial",2,1,1,2,NA,75
"S010","mental1","AI","Mental",7,7,7,7,"Mental Health",-100
"S010","mental2","Human","Mental",5,3,6,5,NA,-100
"S010","romantic1","Human","Romantic",2,6,4,5,NA,100
"S010","romantic2","AI","Romantic",5,3,3,4,"Romantic",-100
"S010","trivial1","AI","Trivial",4,4,6,6,NA,100
"S010","trivial2","Human","Trivial",7,7,7,7,NA,100
"S063","mental1","Human","Mental",5,2,6,4,NA,-100
"S063","mental2","AI","Mental",7,7,6,7,NA,-88
"S063","romantic1","AI","Romantic",6,4,7,6,"Everyday / Trivial",42
"S063","romantic2","Human","Romantic",6,1,5,6,NA,-100
"S063","trivial1","AI","Trivial",2,2,3,2,NA,-100
"S063","trivial2","Human","Trivial",6,2,5,5,"Romantic",-79
"S011","mental1","Human","Mental",2,2,5,2,NA,80
"S011","mental2","AI","Mental",2,2,4,2,NA,-60
"S011","romantic1","Human","Romantic",3,2,4,2,"Everyday / Trivial",50
"S011","romantic2","AI","Romantic",2,2,5,2,NA,-80
"S011","trivial1","AI","Trivial",4,2,6,5,"Everyday / Trivial",-100
"S011","trivial2","Human","Trivial",1,1,4,2,NA,-100
"S088","mental1","Human","Mental",4,4,2,2,"Mental Health",68
"S088","mental2","AI","Mental",5,4,4,4,"Everyday / Trivial",100
"S088","romantic1","AI","Romantic",3,2,2,2,NA,-100
"S088","romantic2","Human","Romantic",6,2,5,5,NA,51
"S088","trivial1","AI","Trivial",4,2,3,4,NA,-100
"S088","trivial2","Human","Trivial",3,2,2,2,NA,-75
"S083","mental1","Human","Mental",6,5,6,4,"Everyday / Trivial",-26
"S083","mental2","AI","Mental",4,5,6,5,NA,-86
"S083","romantic1","Human","Romantic",5,5,5,4,NA,84
"S083","romantic2","AI","Romantic",5,5,5,5,NA,70
"S083","trivial1","Human","Trivial",4,4,3,3,NA,-93
"S083","trivial2","AI","Trivial",4,3,3,3,"Mental Health",16
"S017","mental1","AI","Mental",5,5,5,5,NA,25
"S017","mental2","Human","Mental",5,5,5,5,NA,32
"S017","romantic1","Human","Romantic",5,5,5,5,"Everyday / Trivial",-49
"S017","romantic2","AI","Romantic",4,5,4,5,"Mental Health",-36
"S017","trivial1","AI","Trivial",5,5,5,5,NA,-77
"S017","trivial2","Human","Trivial",3,3,3,3,NA,27
"S082","mental1","AI","Mental",1,1,1,1,"Romantic",-62
"S082","mental2","Human","Mental",2,3,5,2,NA,-31
"S082","romantic1","AI","Romantic",2,2,3,2,NA,-100
"S082","romantic2","Human","Romantic",3,4,4,4,NA,18
"S082","trivial1","AI","Trivial",1,1,4,1,NA,-100
"S082","trivial2","Human","Trivial",1,1,1,1,"Romantic",100
"S035","mental1","Human","Mental",5,5,3,3,NA,-62
"S035","mental2","AI","Mental",1,4,5,1,NA,-54
"S035","romantic1","AI","Romantic",1,1,2,1,"Mental Health",-72
"S035","romantic2","Human","Romantic",3,2,5,5,"Everyday / Trivial",-48
"S035","trivial1","AI","Trivial",1,1,1,1,NA,71
"S035","trivial2","Human","Trivial",1,1,1,1,NA,83
"S070","mental1","Human","Mental",2,3,2,1,"Romantic",59
"S070","mental2","AI","Mental",4,5,3,3,NA,-19
"S070","romantic1","Human","Romantic",3,3,3,2,NA,-6
"S070","romantic2","AI","Romantic",3,2,6,2,NA,58
"S070","trivial1","AI","Trivial",3,4,3,3,"Mental Health",-100
"S070","trivial2","Human","Trivial",2,4,3,2,NA,24
"S071","mental1","Human","Mental",5,2,4,4,NA,44
"S071","mental2","AI","Mental",5,4,6,3,NA,-100
"S071","romantic1","Human","Romantic",4,2,1,3,"Romantic",80
"S071","romantic2","AI","Romantic",1,5,2,2,NA,-100
"S071","trivial1","Human","Trivial",3,3,1,3,NA,-100
"S071","trivial2","AI","Trivial",4,2,3,3,"Mental Health",-100
"S099","mental1","Human","Mental",5,4,5,5,NA,-51
"S099","mental2","AI","Mental",6,7,6,6,"Romantic",23
"S099","romantic1","Human","Romantic",7,7,6,7,NA,-100
"S099","romantic2","AI","Romantic",4,4,4,3,"Mental Health",17
"S099","trivial1","AI","Trivial",6,6,6,6,NA,-65
"S099","trivial2","Human","Trivial",3,5,4,4,NA,98
"S089","mental1","AI","Mental",4,4,4,4,"Mental Health",-100
"S089","mental2","Human","Mental",4,4,4,4,NA,-100
"S089","romantic1","Human","Romantic",4,4,3,1,"Romantic",-100
"S089","romantic2","AI","Romantic",2,2,2,1,NA,-100
"S089","trivial1","Human","Trivial",2,2,2,2,NA,-100
"S089","trivial2","AI","Trivial",4,4,4,1,NA,-100
"S074","mental1","Human","Mental",2,1,1,1,NA,11
"S074","mental2","AI","Mental",2,2,4,2,NA,-77
"S074","romantic1","AI","Romantic",3,3,2,4,"Everyday / Trivial",-25
"S074","romantic2","Human","Romantic",2,2,1,1,NA,-25
"S074","trivial1","Human","Trivial",4,3,2,4,"Everyday / Trivial",-35
"S074","trivial2","AI","Trivial",3,3,4,2,NA,-21
"S097","mental1","Human","Mental",3,3,2,2,NA,-31
"S097","mental2","AI","Mental",3,4,4,4,"Everyday / Trivial",-32
"S097","romantic1","AI","Romantic",2,2,1,1,NA,-81
"S097","romantic2","Human","Romantic",3,4,2,3,NA,38
"S097","trivial1","AI","Trivial",2,2,1,2,"Romantic",-79
"S097","trivial2","Human","Trivial",4,3,4,4,NA,45
"S117","mental1","Human","Mental",4,4,5,4,"Mental Health",-100
"S117","mental2","AI","Mental",5,5,5,3,NA,-100
"S117","romantic1","Human","Romantic",4,4,4,3,"Mental Health",49
"S117","romantic2","AI","Romantic",4,5,5,3,NA,-100
"S117","trivial1","Human","Trivial",5,6,6,4,NA,-100
"S117","trivial2","AI","Trivial",3,5,4,4,NA,-72
"S020","mental1","AI","Mental",1,1,1,1,NA,-98
"S020","mental2","Human","Mental",5,5,5,5,"Mental Health",-74
"S020","romantic1","AI","Romantic",4,5,5,4,NA,-74
"S020","romantic2","Human","Romantic",1,1,1,1,NA,-84
"S020","trivial1","AI","Trivial",4,5,5,4,"Everyday / Trivial",-100
"S020","trivial2","Human","Trivial",5,6,5,5,NA,62
"S112","mental1","Human","Mental",3,1,3,2,NA,-100
"S112","mental2","AI","Mental",1,1,1,1,NA,100
"S112","romantic1","AI","Romantic",1,1,1,1,NA,-100
"S112","romantic2","Human","Romantic",5,5,2,2,"Mental Health",-100
"S112","trivial1","Human","Trivial",4,1,3,1,NA,-100
"S112","trivial2","AI","Trivial",2,1,1,1,"Romantic",100
"S103","mental1","Human","Mental",5,5,6,6,"Everyday / Trivial",50
"S103","mental2","AI","Mental",5,5,5,5,"I don't remember",-63
"S103","romantic1","Human","Romantic",5,5,5,5,NA,51
"S103","romantic2","AI","Romantic",5,5,5,5,NA,-63
"S103","trivial1","AI","Trivial",5,5,5,5,NA,-68
"S103","trivial2","Human","Trivial",5,3,5,5,NA,-46
"S038","mental1","AI","Mental",3,4,4,3,NA,-30
"S038","mental2","Human","Mental",5,5,5,5,NA,50
"S038","romantic1","Human","Romantic",6,6,4,6,NA,40
"S038","romantic2","AI","Romantic",3,4,3,4,NA,-70
"S038","trivial1","Human","Trivial",4,5,2,2,"Romantic",-15
"S038","trivial2","AI","Trivial",4,3,3,4,"Everyday / Trivial",-70
"S092","mental1","AI","Mental",7,7,4,4,"Romantic",9
"S092","mental2","Human","Mental",5,4,3,2,NA,-39
"S092","romantic1","Human","Romantic",1,1,1,1,NA,100
"S092","romantic2","AI","Romantic",2,2,2,2,NA,-100
"S092","trivial1","AI","Trivial",6,5,5,1,NA,-100
"S092","trivial2","Human","Trivial",3,3,3,3,"Everyday / Trivial",-100
"S050","mental1","AI","Mental",3,2,2,1,NA,-49
"S050","mental2","Human","Mental",3,3,4,3,NA,30
"S050","romantic1","Human","Romantic",2,2,2,2,"Romantic",100
"S050","romantic2","AI","Romantic",4,5,4,4,NA,-100
"S050","trivial1","Human","Trivial",3,2,3,2,NA,-49
"S050","trivial2","AI","Trivial",5,6,6,4,"Romantic",-100
"S001","mental1","AI","Mental",3,3,3,3,NA,-8
"S001","mental2","Human","Mental",2,1,2,1,"Everyday / Trivial",-100
"S001","romantic1","Human","Romantic",2,2,1,1,NA,71
"S001","romantic2","AI","Romantic",4,5,3,4,NA,-100
"S001","trivial1","AI","Trivial",2,1,1,1,NA,-100
"S001","trivial2","Human","Trivial",1,1,1,1,"Everyday / Trivial",100
"S002","mental1","AI","Mental",5,4,5,3,NA,48
"S002","mental2","Human","Mental",6,5,6,4,"Everyday / Trivial",52
"S002","romantic1","Human","Romantic",6,5,6,4,"Everyday / Trivial",57
"S002","romantic2","AI","Romantic",7,5,6,4,NA,44
"S002","trivial1","AI","Trivial",4,5,7,7,NA,62
"S002","trivial2","Human","Trivial",6,4,6,4,NA,61
"S079","mental1","AI","Mental",3,3,5,2,NA,-59
"S079","mental2","Human","Mental",2,2,3,2,NA,29
"S079","romantic1","AI","Romantic",3,2,1,1,NA,-47
"S079","romantic2","Human","Romantic",2,1,2,2,"Romantic",-51
"S079","trivial1","Human","Trivial",5,4,4,3,NA,-53
"S079","trivial2","AI","Trivial",2,1,2,1,"Everyday / Trivial",36
"S116","mental1","Human","Mental",4,3,4,3,"Mental Health",-54
"S116","mental2","AI","Mental",4,3,3,3,NA,28
"S116","romantic1","Human","Romantic",5,6,5,4,NA,52
"S116","romantic2","AI","Romantic",5,5,5,5,NA,-54
"S116","trivial1","AI","Trivial",5,4,3,3,"Mental Health",-46
"S116","trivial2","Human","Trivial",5,5,6,5,NA,32
"S087","mental1","Human","Mental",3,2,1,1,NA,-29
"S087","mental2","AI","Mental",6,7,7,2,NA,-28
"S087","romantic1","AI","Romantic",6,6,7,3,NA,-33
"S087","romantic2","Human","Romantic",6,6,5,6,"Mental Health",14
"S087","trivial1","Human","Trivial",6,6,6,5,"Romantic",-27
"S087","trivial2","AI","Trivial",7,6,6,1,NA,9
"S014","mental1","AI","Mental",2,1,1,1,NA,33
"S014","mental2","Human","Mental",2,1,2,2,NA,-42
"S014","romantic1","AI","Romantic",4,4,5,5,NA,12
"S014","romantic2","Human","Romantic",3,2,1,1,NA,-62
"S014","trivial1","Human","Trivial",2,2,2,1,"Mental Health",-97
"S014","trivial2","AI","Trivial",2,2,3,1,"Romantic",-94
"S021","mental1","Human","Mental",3,3,4,3,NA,30
"S021","mental2","AI","Mental",2,2,3,3,"Romantic",-94
"S021","romantic1","Human","Romantic",3,2,3,3,"Mental Health",43
"S021","romantic2","AI","Romantic",4,3,4,3,NA,-74
"S021","trivial1","Human","Trivial",2,2,1,1,NA,-70
"S021","trivial2","AI","Trivial",3,5,4,3,NA,-100
"S047","mental1","AI","Mental",1,2,1,1,NA,-100
"S047","mental2","Human","Mental",3,2,1,3,"Mental Health",-100
"S047","romantic1","Human","Romantic",2,2,6,3,NA,100
"S047","romantic2","AI","Romantic",1,2,1,1,"Mental Health",-100
"S047","trivial1","Human","Trivial",5,4,6,5,NA,100
"S047","trivial2","AI","Trivial",1,4,3,1,NA,-100
"S095","mental1","Human","Mental",1,1,1,1,"Mental Health",-100
"S095","mental2","AI","Mental",4,1,1,1,NA,-100
"S095","romantic1","AI","Romantic",1,1,1,1,NA,-100
"S095","romantic2","Human","Romantic",6,6,6,5,NA,-100
"S095","trivial1","Human","Trivial",1,1,1,1,"Mental Health",-74
"S095","trivial2","AI","Trivial",6,5,4,2,NA,-54
"S049","mental1","AI","Mental",1,2,1,1,NA,31
"S049","mental2","Human","Mental",3,1,3,1,NA,22
"S049","romantic1","Human","Romantic",1,2,1,1,NA,62
"S049","romantic2","AI","Romantic",6,6,5,6,"Mental Health",-95
"S049","trivial1","AI","Trivial",3,5,2,3,NA,-65
"S049","trivial2","Human","Trivial",3,3,1,2,"Everyday / Trivial",-10
"S078","mental1","Human","Mental",6,4,4,4,NA,19
"S078","mental2","AI","Mental",6,5,3,2,NA,-75
"S078","romantic1","AI","Romantic",5,5,4,4,NA,-77
"S078","romantic2","Human","Romantic",6,5,6,5,"Everyday / Trivial",39
"S078","trivial1","AI","Trivial",6,4,3,2,"Mental Health",-48
"S078","trivial2","Human","Trivial",5,5,3,2,NA,63
"S012","mental1","Human","Mental",5,6,2,5,NA,-90
"S012","mental2","AI","Mental",4,6,5,5,NA,-30
"S012","romantic1","Human","Romantic",4,4,2,3,"Romantic",40
"S012","romantic2","AI","Romantic",2,3,3,2,"Mental Health",-70
"S012","trivial1","Human","Trivial",6,6,6,6,NA,-50
"S012","trivial2","AI","Trivial",2,2,2,1,NA,-76
"S029","mental1","AI","Mental",5,5,6,5,"Mental Health",-90
"S029","mental2","Human","Mental",6,6,6,6,NA,-92
"S029","romantic1","AI","Romantic",2,2,1,1,NA,86
"S029","romantic2","Human","Romantic",6,5,5,5,NA,85
"S029","trivial1","Human","Trivial",5,4,5,5,"Romantic",-95
"S029","trivial2","AI","Trivial",5,3,5,4,NA,92
"S059","mental1","AI","Mental",2,1,2,2,"Mental Health",-100
"S059","mental2","Human","Mental",4,1,1,3,NA,-74
"S059","romantic1","Human","Romantic",1,3,1,1,NA,-37
"S059","romantic2","AI","Romantic",4,1,1,2,NA,-100
"S059","trivial1","Human","Trivial",2,1,1,3,"Mental Health",-74
"S059","trivial2","AI","Trivial",1,1,1,1,NA,-100
"S060","mental1","AI","Mental",3,3,4,1,NA,-100
"S060","mental2","Human","Mental",2,3,3,1,"Mental Health",56
"S060","romantic1","AI","Romantic",4,2,2,1,"Mental Health",75
"S060","romantic2","Human","Romantic",3,1,3,1,NA,30
"S060","trivial1","Human","Trivial",5,3,5,1,NA,-35
"S060","trivial2","AI","Trivial",2,5,4,3,NA,-90
"S061","mental1","Human","Mental",2,3,1,2,"Romantic",32
"S061","mental2","AI","Mental",5,2,4,2,NA,51
"S061","romantic1","AI","Romantic",2,1,4,1,NA,21
"S061","romantic2","Human","Romantic",2,1,1,1,NA,-73
"S061","trivial1","Human","Trivial",1,1,1,1,"Mental Health",-90
"S061","trivial2","AI","Trivial",3,1,1,1,NA,-100
"S031","mental1","Human","Mental",2,1,2,1,NA,68
"S031","mental2","AI","Mental",1,1,1,1,"Romantic",25
"S031","romantic1","Human","Romantic",2,1,1,1,"Romantic",33
"S031","romantic2","AI","Romantic",2,1,1,1,NA,-41
"S031","trivial1","Human","Trivial",4,2,3,1,NA,-50
"S031","trivial2","AI","Trivial",1,1,2,1,NA,-60
"S086","mental1","AI","Mental",7,6,1,3,NA,-100
"S086","mental2","Human","Mental",5,5,4,4,"Romantic",100
"S086","romantic1","Human","Romantic",7,7,7,5,"Romantic",-100
"S086","romantic2","AI","Romantic",7,7,5,6,NA,-96
"S086","trivial1","AI","Trivial",7,7,1,4,NA,-100
"S086","trivial2","Human","Trivial",7,7,7,6,NA,100
"S016","mental1","AI","Mental",4,4,4,2,NA,42
"S016","mental2","Human","Mental",1,1,2,2,"Romantic",-24
"S016","romantic1","AI","Romantic",5,6,3,4,NA,18
"S016","romantic2","Human","Romantic",1,7,4,1,"Everyday / Trivial",30
"S016","trivial1","Human","Trivial",2,4,3,1,NA,-56
"S016","trivial2","AI","Trivial",2,4,3,2,NA,16
"S048","mental1","AI","Mental",3,2,5,3,NA,-100
"S048","mental2","Human","Mental",3,3,3,3,"Romantic",42
"S048","romantic1","Human","Romantic",4,2,4,3,NA,22
"S048","romantic2","AI","Romantic",5,4,6,5,"Mental Health",-100
"S048","trivial1","Human","Trivial",4,2,3,2,NA,-100
"S048","trivial2","AI","Trivial",5,3,3,3,NA,-100
"S034","mental1","AI","Mental",5,1,1,1,NA,15
"S034","mental2","Human","Mental",1,2,1,1,NA,-100
"S034","romantic1","Human","Romantic",4,1,3,1,"Everyday / Trivial",20
"S034","romantic2","AI","Romantic",1,1,1,1,"Mental Health",-47
"S034","trivial1","Human","Trivial",1,1,1,1,NA,-100
"S034","trivial2","AI","Trivial",7,7,7,7,NA,90
"S023","mental1","AI","Mental",4,4,4,4,NA,100
"S023","mental2","Human","Mental",5,5,5,5,"Mental Health",-100
"S023","romantic1","Human","Romantic",5,5,5,5,NA,-100
"S023","romantic2","AI","Romantic",5,5,6,4,NA,100
"S023","trivial1","AI","Trivial",4,4,5,4,"I don't remember",-100
"S023","trivial2","Human","Trivial",4,4,5,4,NA,100
"S075","mental1","Human","Mental",4,4,5,4,NA,-33
"S075","mental2","AI","Mental",1,1,1,1,"Mental Health",-73
"S075","romantic1","AI","Romantic",4,3,3,2,NA,28
"S075","romantic2","Human","Romantic",1,1,1,1,NA,-100
"S075","trivial1","Human","Trivial",6,5,5,4,NA,-51
"S075","trivial2","AI","Trivial",4,4,5,4,"Romantic",-100
"S007","mental1","AI","Mental",7,7,7,6,"Romantic",-95
"S007","mental2","Human","Mental",5,1,2,1,NA,-100
"S007","romantic1","AI","Romantic",1,1,1,1,NA,100
"S007","romantic2","Human","Romantic",2,1,1,1,NA,-100
"S007","trivial1","Human","Trivial",6,6,2,6,"Mental Health",-97
"S007","trivial2","AI","Trivial",3,5,2,2,NA,63
"S033","mental1","AI","Mental",3,3,4,2,NA,-100
"S033","mental2","Human","Mental",1,1,2,1,NA,-100
"S033","romantic1","Human","Romantic",1,1,1,1,"Romantic",-100
"S033","romantic2","AI","Romantic",1,1,1,1,NA,-100
"S033","trivial1","Human","Trivial",2,1,1,1,"Mental Health",-100
"S033","trivial2","AI","Trivial",1,1,1,1,NA,-100
"S057","mental1","AI","Mental",4,2,4,2,"Mental Health",-76
"S057","mental2","Human","Mental",4,5,5,4,NA,-100
"S057","romantic1","Human","Romantic",3,4,3,3,"Romantic",80
"S057","romantic2","AI","Romantic",4,6,6,4,NA,-95
"S057","trivial1","AI","Trivial",6,7,6,5,NA,-95
"S057","trivial2","Human","Trivial",3,4,3,3,NA,74
"S043","mental1","AI","Mental",2,1,1,1,"I don't remember",-63
"S043","mental2","Human","Mental",3,3,4,2,NA,36
"S043","romantic1","AI","Romantic",4,5,4,5,NA,-41
"S043","romantic2","Human","Romantic",6,6,2,3,NA,-62
"S043","trivial1","AI","Trivial",2,2,2,2,"Mental Health",29
"S043","trivial2","Human","Trivial",5,2,1,5,NA,-75
"S026","mental1","Human","Mental",3,2,1,2,NA,-76
"S026","mental2","AI","Mental",2,2,1,1,"Romantic",-73
"S026","romantic1","Human","Romantic",3,2,1,2,NA,-100
"S026","romantic2","AI","Romantic",6,2,7,2,NA,50
"S026","trivial1","AI","Trivial",5,2,4,2,NA,-100
"S026","trivial2","Human","Trivial",2,2,1,1,"Mental Health",100
"S062","mental1","AI","Mental",1,5,5,1,NA,-100
"S062","mental2","Human","Mental",6,6,5,6,NA,59
"S062","romantic1","AI","Romantic",2,2,2,1,"Romantic",-100
"S062","romantic2","Human","Romantic",4,4,4,2,NA,-40
"S062","trivial1","Human","Trivial",6,6,6,6,NA,-93
"S062","trivial2","AI","Trivial",7,7,6,7,"Mental Health",-97
"S005","mental1","AI","Mental",7,7,7,7,"I don't remember",80
"S005","mental2","Human","Mental",7,7,7,7,"I don't remember",89
"S005","romantic1","Human","Romantic",7,7,7,7,NA,85
"S005","romantic2","AI","Romantic",7,7,7,7,NA,91
"S005","trivial1","Human","Trivial",7,7,7,7,NA,90
"S005","trivial2","AI","Trivial",7,7,7,7,NA,79
"S077","mental1","AI","Mental",4,2,6,2,NA,-72
"S077","mental2","Human","Mental",3,2,5,4,NA,-71
"S077","romantic1","AI","Romantic",5,6,5,5,"Everyday / Trivial",24
"S077","romantic2","Human","Romantic",3,3,4,3,NA,-45
"S077","trivial1","AI","Trivial",3,3,5,3,"Mental Health",-32
"S077","trivial2","Human","Trivial",4,5,5,4,NA,36
"S105","mental1","AI","Mental",4,5,5,6,"Everyday / Trivial",57
"S105","mental2","Human","Mental",4,5,1,2,NA,-24
"S105","romantic1","Human","Romantic",3,5,3,4,NA,-78
"S105","romantic2","AI","Romantic",2,2,1,1,NA,-45
"S105","trivial1","Human","Trivial",4,3,3,5,NA,9
"S105","trivial2","AI","Trivial",3,3,3,3,"Everyday / Trivial",-61
"S036","mental1","AI","Mental",2,1,2,2,NA,-34
"S036","mental2","Human","Mental",3,4,1,3,"Mental Health",-44
"S036","romantic1","Human","Romantic",3,4,5,4,NA,31
"S036","romantic2","AI","Romantic",2,2,2,1,NA,-4
"S036","trivial1","Human","Trivial",6,5,5,6,NA,-100
"S036","trivial2","AI","Trivial",1,2,2,2,"Everyday / Trivial",-45
"S045","mental1","AI","Mental",1,1,1,1,NA,-100
"S045","mental2","Human","Mental",1,1,1,1,"Romantic",-100
"S045","romantic1","AI","Romantic",1,1,1,1,NA,-100
"S045","romantic2","Human","Romantic",1,1,1,1,NA,-100
"S045","trivial1","AI","Trivial",1,1,1,1,"I don't remember",-100
"S045","trivial2","Human","Trivial",3,1,1,1,NA,-100
"S027","mental1","AI","Mental",6,6,5,4,"Mental Health",-67
"S027","mental2","Human","Mental",1,6,1,1,NA,-60
"S027","romantic1","AI","Romantic",3,3,1,1,NA,-20
"S027","romantic2","Human","Romantic",5,4,1,4,"Mental Health",17
"S027","trivial1","AI","Trivial",6,7,6,5,NA,66
"S027","trivial2","Human","Trivial",4,6,6,3,NA,68
"S106","mental1","Human","Mental",1,1,5,2,NA,-20
"S106","mental2","AI","Mental",5,7,4,5,NA,-61
"S106","romantic1","Human","Romantic",1,1,1,1,"Romantic",67
"S106","romantic2","AI","Romantic",5,6,5,3,NA,-51
"S106","trivial1","Human","Trivial",3,2,1,1,"Everyday / Trivial",-4
"S106","trivial2","AI","Trivial",3,2,5,5,NA,-96
"S022","mental1","AI","Mental",3,4,3,2,"Everyday / Trivial",34
"S022","mental2","Human","Mental",3,4,2,5,NA,43
"S022","romantic1","AI","Romantic",4,6,5,4,NA,-51
"S022","romantic2","Human","Romantic",5,3,3,5,NA,-38
"S022","trivial1","Human","Trivial",2,5,2,2,NA,-59
"S022","trivial2","AI","Trivial",3,5,4,3,"Everyday / Trivial",-59
"S114","mental1","AI","Mental",2,3,2,1,NA,-98
"S114","mental2","Human","Mental",2,2,2,2,"Romantic",97
"S114","romantic1","Human","Romantic",4,3,2,4,"Everyday / Trivial",93
"S114","romantic2","AI","Romantic",2,2,2,2,NA,-100
"S114","trivial1","Human","Trivial",2,2,2,2,NA,-99
"S114","trivial2","AI","Trivial",3,2,3,3,NA,-98
"S101","mental1","Human","Mental",2,2,4,3,NA,-11
"S101","mental2","AI","Mental",4,4,4,4,NA,-61
"S101","romantic1","AI","Romantic",4,3,4,3,NA,-15
"S101","romantic2","Human","Romantic",4,4,4,4,NA,-34
"S101","trivial1","Human","Trivial",4,3,4,3,"Mental Health",-43
"S101","trivial2","AI","Trivial",3,1,3,2,"Romantic",-57
"S018","mental1","Human","Mental",7,6,6,6,"Mental Health",61
"S018","mental2","AI","Mental",6,6,6,7,"Mental Health",-71
"S018","romantic1","Human","Romantic",4,6,6,4,NA,-61
"S018","romantic2","AI","Romantic",7,5,6,6,NA,-76
"S018","trivial1","AI","Trivial",6,5,5,5,NA,94
"S018","trivial2","Human","Trivial",6,6,6,5,NA,-76
"S102","mental1","Human","Mental",3,1,6,3,"Everyday / Trivial",30
"S102","mental2","AI","Mental",2,2,7,2,"Mental Health",-50
"S102","romantic1","AI","Romantic",2,2,5,2,NA,-80
"S102","romantic2","Human","Romantic",4,4,6,2,NA,-60
"S102","trivial1","Human","Trivial",3,2,6,3,NA,40
"S102","trivial2","AI","Trivial",2,2,4,2,NA,40
"S046","mental1","Human","Mental",3,5,6,3,NA,81
"S046","mental2","AI","Mental",2,1,7,2,"Everyday / Trivial",-100
"S046","romantic1","AI","Romantic",1,1,2,1,NA,-100
"S046","romantic2","Human","Romantic",2,2,1,2,NA,87
"S046","trivial1","Human","Trivial",1,1,1,1,NA,-71
"S046","trivial2","AI","Trivial",1,1,7,1,"Everyday / Trivial",-100
"S028","mental1","AI","Mental",2,5,4,5,NA,-58
"S028","mental2","Human","Mental",3,5,6,3,"Mental Health",-57
"S028","romantic1","AI","Romantic",3,5,4,3,NA,63
"S028","romantic2","Human","Romantic",3,5,2,4,NA,58
"S028","trivial1","Human","Trivial",3,6,4,4,"Romantic",-60
"S028","trivial2","AI","Trivial",3,6,4,5,NA,-63
"S006","mental1","Human","Mental",5,4,6,5,NA,75
"S006","mental2","AI","Mental",6,5,5,5,NA,-75
"S006","romantic1","AI","Romantic",6,6,5,6,NA,75
"S006","romantic2","Human","Romantic",3,5,3,2,"Romantic",50
"S006","trivial1","AI","Trivial",5,6,2,5,"Mental Health",-75
"S006","trivial2","Human","Trivial",6,6,6,6,NA,50
"S110","mental1","Human","Mental",7,7,6,7,NA,-68
"S110","mental2","AI","Mental",4,5,1,1,NA,-55
"S110","romantic1","Human","Romantic",1,1,1,1,"Romantic",-99
"S110","romantic2","AI","Romantic",7,5,7,7,"Everyday / Trivial",100
"S110","trivial1","AI","Trivial",2,2,1,1,NA,56
"S110","trivial2","Human","Trivial",7,7,4,6,NA,90
"S069","mental1","AI","Mental",4,3,3,3,NA,50
"S069","mental2","Human","Mental",1,2,1,1,"Mental Health",70
"S069","romantic1","Human","Romantic",5,5,4,4,NA,-50
"S069","romantic2","AI","Romantic",5,5,4,4,"Mental Health",20
"S069","trivial1","Human","Trivial",5,6,7,5,NA,-20
"S069","trivial2","AI","Trivial",5,6,7,5,NA,80
"S064","mental1","Human","Mental",2,2,2,2,NA,12
"S064","mental2","AI","Mental",2,2,2,2,NA,-52
"S064","romantic1","AI","Romantic",2,3,3,2,"Mental Health",-100
"S064","romantic2","Human","Romantic",3,2,2,1,NA,-30
"S064","trivial1","Human","Trivial",2,2,3,3,"Romantic",-75
"S064","trivial2","AI","Trivial",3,2,2,2,NA,-77
